,2,3,4,5,6,7,8,9,10,11,12,13,14,15,16,17,18,19,20,21,22,23,24,25,26,27,28,29,30,31,32,33,34,35,36,37,38,39,40,41,42,43,44,45,46,47,48,49,50,51,52,53,54,55,56,57,58,59,60,61,62,63,64,65,66,67,68,69,70,71,72,73,74,75,76,77,78,79,80,81,82,83,84,85,86,87,88,89,90,91,92,93,94,95,96,97,98,99,100,101,102,103,104,105,106,107,108,109,110,111,112,113,114,115,116,117,118,119,120,121,122,123,124,125,126,127,128,129,130,131,132,133,134,135,136,137,138,139,140,141,142,143,144,145,146,147,148,149,150,151,152,153,154,155,156,157,158,159,160,161,162,163,164,165,166,167,168,169,170,171,172,173,174,175,176,177,178,179,180,181,182,183,184,185,186,187,188,189,190,191,192,193,194,195,196,197,198,199,200,201,202,203,204,205
R,-0.12197358654241104,-0.016693178311279817,-0.01653739302153453,0.023832597294011,0.016507931285740046,0.019415379633038184,-0.1219468941607405,-0.24020878315289898,-0.25543917684451056,-0.24282132078044452,-0.3178283018958901,0.04077682841404964,-0.1316621011550912,0.00370136539622121,0.029788003428582024,0.0,-0.013037161891466377,-0.26458590679403404,-0.23748765859892496,0.04559003647228848,0.016004106231176894,-0.006959207230881594,0.012025986932664112,-0.10316081282552464,-0.11794658940612823,-0.17524616170717439,-0.03181697319968006,-0.15037237472054127,-0.01470816022453278,0.02688987885745872,-0.29242258152154743,-0.004046444914955656,0.013979525129164077,-0.22130700571787015,-0.2844478778607242,0.009938076669641834,0.0,-0.22996716512829085,-0.2677381320437398,0.04600026605207738,-0.006097613996189464,0.010597847059514802,-0.015210633685248342,0.07317276973774764,0.01425771473167247,0.0,-0.006737317857451323,-0.10740040688033467,-0.00397007831620119,-0.007413182651678217,-0.014965718377853807,-0.11092519081573496,-0.34059361105696506,-0.3555107190528082,-0.3220812776764638,-0.33427463495872123,-0.31974267442540216,0.0,-0.003994768864852526,-0.32505654157855174,-0.1254042071771324,-0.039988246683632545,-0.07861216066685603,-0.08939639758671035,-0.028228640667298764,-0.021198564066103022,-0.007207518716313708,-0.02651183395515156,0.0,-0.0631689923359831,-0.2983828352403095,-0.028021376031419964,-0.038245056827343756,0.0,-0.15633940290798923,-0.13332108824458785,-0.3657808184122182,-0.27922305372444867,-0.4217715776854653,-0.2639086996492176,0.0,0.014863320654438694,0.0057992159190425295,0.02688706085988272,0.007706966552288484,0.016771310805071108,-0.041314311584166874,0.001863562704719126,-0.017943456006312693,-0.010324350129764423,-0.07729621572802156,-0.002248443929443985,-0.01894100115295947,-0.04899616559897266,0.0,-0.08873260393505535,-0.30747602495381027,0.032208040659626076,-0.01541257168939329,-0.3274566443284692,-0.061830913296445564,0.031142541185095265,0.042198574297806914,-0.18725455538578867,0.001631974423155947,0.011251268041726844,-0.018148899809539036,0.013478904448445142,0.016245335739837413,0.012202741756208002,-0.0034075001507637205,0.027715180688457186,-0.022677183623490013,-0.009044227045561355,0.020602386238772186,-0.02658234108696763,0.02812997066522917,0.0,-0.09209854086473712,-0.30786582594508616,-0.3384116466470534,-0.3238302677562302,-0.196104465704377,-0.29554484668618375,0.024653472137141894,-0.004199145437481384,-0.23860147202908782,-0.21493421875176735,-0.04811804840178967,0.008462410175803086,-0.27721873485916076,0.00036589272973917494,0.04791290635635766,-0.021724134193054807,-0.0319147990112946,0.0,-0.09623042817819644,0.03699590289769586,0.0,-0.15617114719741776,-0.26683019757542153,-0.04923651224594937,-0.26017941154242796,-0.04481502893676963,-0.2500041578408898,0.009562844036197948,0.0003491502003850431,-0.009881840409452232,0.04757059216960179,-0.05140773751575144,-0.05674694820174171,-0.03505788437648931,-0.007388766565521377,-0.004655192960739081,-0.26732555741503927,-0.039527987159228534,0.026802397419892925,-0.012562720903768698,0.004435878683850144,0.0,-0.014847885026395858,-0.0011487815760869615,0.010181750909979272,0.0037363149927380082,0.023769504671066484,0.015312267023446364,-0.013323321715102053,-0.19584162098337846,0.0,0.0026305864778959466,0.01977087838385154,0.016044150039990532,-0.01010814851536618,-0.01516790511822559,-0.012707302904724811,-0.2211490914498874,-0.017749441503443517,-0.013850856151141719,-0.05810858498594952,-0.005964417766253227,-0.001345377920937054,0.005912956538790176,-0.014475022014785826,-0.05384389126950748,-0.036137427551989156,0.006938403225399065,-0.04085116108278114,-0.009784214682847896,-0.02014043912137295,-0.016224302093500103,-0.03116700479068433,-0.01890726645483924,-0.044694143244830675,-0.03084027721876676,-0.024606509040916505,-0.015254303246917338,-0.008705350788638478,0.0025842151472696925,-0.022105878053209974,-0.2640146813443739,-0.04970038665328286,0.016047334001271868,0.0,0.002189180290493772
H,-0.023824628089601143,-0.14364181721451297,0.018472381818639597,-0.02788935305236881,0.07656681433852605,0.00807589992825659,-0.01253062116638863,-0.11836938328889494,0.005155119043451736,0.0032601704240069335,-0.3887145215307767,-0.00318399896186559,-0.06086945190872976,-0.012977755031667756,0.005883748401037536,0.036360891724293,,-0.051309810354635166,-0.23745829563372964,-0.050044479859572354,-0.04109524876245999,-0.012350380074292146,0.010908458745937266,-0.2868031273932075,-0.0793464784874353,-0.06826881442039846,-0.021182052496702915,-0.015490599984605944,-0.034950515129841306,-0.02539934748454558,-0.31239961753130085,-0.011429089856781196,-0.04882044452843703,-0.017055594051307757,0.10629350355016488,0.014601583009856912,-0.007961107453439578,0.012229014149347458,-0.26768942660408235,0.0062676335332023875,-0.03426727801363437,0.005211654924608593,-0.019815392276356078,,0.021023906955174185,-0.00011608779637119031,0.0001367888398410306,-0.10032767565771278,0.014718112866934627,-0.013401964592003253,-0.029351728406150163,-0.06645797545686166,-0.1959645656802749,-0.26473180605076807,-0.2128459856807745,-0.054502430397025854,-0.304810723114883,-0.006320726658029699,-0.017204095782136945,-0.2913092687504245,-0.04916404121534379,-0.019653525902336648,-0.025374658429896484,-0.10550526717289418,-0.03999439908336186,0.017908897794534796,0.0,-0.023014597876254983,-0.016259929652377568,-0.03313480126041633,-0.21922679270588624,-0.080417724640232,-0.0053868801014096525,-0.323827971778763,-0.16841567498395296,-0.05083965880437487,-0.24123597751759915,-0.3613256805589501,-0.16925046649228948,-0.17086554858326897,0.015895192910916688,0.03219110319458511,-0.008781420102264521,0.03522178749165275,-0.01712036438272122,-0.014271862269118427,-0.0710122380033998,-0.022819893619372634,-0.024571581492898766,-0.025079459421104105,0.006122153018931903,-0.05947502112006549,0.0,-0.12317584709935092,-0.0040431995286224175,-0.03141710933522304,-0.18195550884789707,,-0.0019736264779111716,-0.2502646743724087,-0.019996762696121925,-0.02957380092313769,-0.015319412450583879,-0.15265489417856132,-0.12547483346449967,-0.030088553911492934,-0.0549954075816828,0.04272029356379193,,-0.007188199911612035,,,,,-0.02027396765432747,-0.06669289021612859,-0.05947705238980487,-0.009994257601305092,-0.014917232571241477,0.007018799268991946,-0.10467814282284696,-0.2942137582684057,-0.2085732672214115,-0.23738758563239665,-0.017283489701104306,-0.015034189149524271,-0.1975665111899112,-0.0009651776195591289,-0.06225314668126267,-0.029592887434038054,-0.15176193882836211,-0.04462362275687748,0.10622688162504379,0.0,-0.029230708539597375,0.005221037108627542,-0.06341657785363056,-0.08562217027893945,0.0801983187517819,-0.19583955913966603,-0.013443317054089021,-0.002116267111034979,-0.23327420842321966,-0.09291303203591522,-0.18437750431290334,0.0,0.02758138503482134,0.03109347377732529,0.0809225356424152,-0.029133894810113824,-0.0453828248057004,-0.02412342830209988,0.004039515429251111,-0.017107191858022303,0.0015142922118218452,0.020760689181825807,-0.009576279639900083,-0.00931730365690717,-0.0039958557729208605,0.006163663881148458,-0.023449489194569188,-0.007307535547435188,-0.020648566056974727,0.0009853514816667455,0.032249998828279974,0.04346145415401123,0.0015632860671389087,-0.03491367213536581,-0.019827991973975046,0.05900882209619844,0.060608124959217205,-0.009786075260954017,0.0,-0.015127087341857741,-0.024029339008176852,-0.02808600661021933,-0.03134791548618552,,0.021746612344367033,0.0023339391517421563,-0.04035300265197257,0.020216535775336608,-0.010771055960086467,-0.08307688170819563,-0.03559405122845185,-0.016604550069980392,-0.2307829320280913,-0.014665547569618818,-0.048269789190236286,-0.01769853089368844,0.00878968443090768,0.016956809385107307,,-0.05099175790701177,,-0.013729208835377937,-0.1249190110387744,,-0.0239794731108648,-0.02690629750553129,0.013656303886133408,-0.006162776823034143,0.036835828139577344,-0.02342252204922867
K,-0.2278157003478194,-0.02256521193510752,0.008023189290034313,0.0,0.08339148443740743,0.04435891038873756,0.041629643294532476,-0.07578478520466513,-0.039059030096507116,-0.006793991290311011,-0.18266634639113544,0.0066825971430289136,-0.076860572014848,0.002272966921070523,0.04681737501097474,-0.011333331396472654,0.003811696359081275,-0.06890633665162156,-0.21673323979754966,-0.04455791236354646,0.0,-0.028947332081890646,0.030005202887483692,-0.27313484147963096,-0.18480876493434117,-0.23577908961874777,0.0,-0.04524796476015547,0.0,0.0007675060268495753,-0.3139651880900023,0.011606894776321985,0.021413514020320115,-0.28236381905150787,-0.29099400607321185,0.017943111537912157,0.01665517845327353,-0.24204863289167447,-0.21988746983773536,0.06746650905034912,-0.016602014305198576,0.016799073729224484,-0.0029183879491474773,0.02915156048799319,-0.0017918818182905848,-0.01898841181264809,0.02325059016514084,-0.11722560110647498,0.002155224890894204,-0.1645254489724189,-0.031116114736827148,-0.08283620531090707,-0.35329190208917227,-0.3466256591563921,-0.2279990657134726,-0.31173289265801957,-0.3162911569009493,-0.03995511470284541,0.0,-0.3131098844107833,-0.23088993074484027,-0.026161745442580327,-0.07686345477025068,-0.1260331201781887,-0.03908788086179226,-0.017738305014359034,-0.011051135596043322,-0.002136790704456033,0.018602129172568524,-0.06724971808443606,-0.22181181059388533,0.0,-0.13988693167738575,-0.0014616045271213709,-0.07254995849673024,-0.11229905121045736,-0.35975187962089694,-0.2802891245361773,-0.3190197752405803,-0.259207854005859,-0.019453262854962686,-0.02068428259675314,0.025838013777152377,0.07046737873982856,0.0017573712098782682,0.04982167501699502,-0.030150319989356154,-0.026291815133979973,-0.0190782001950943,-0.00046625499840863586,-0.15539909355544496,-0.035754640292009573,-0.017477163664266195,-0.1192122917210438,0.002247208814571214,-0.1033961481111875,-0.23507285023613583,0.034134027025985586,-0.02050287370808167,-0.41026767600060277,-0.04311385424706184,0.02758495321463695,0.016448762761769514,-0.1697747847226051,0.009773688864621204,0.012779155095031506,-0.01565717300943937,0.025085866677993292,0.034317950177872356,0.008613800346462287,-0.017881438023771224,0.025704681094251693,0.0,-0.04795012603054985,0.034451566044846046,0.015079694242531414,0.023515925966513314,-0.014915545575302395,-0.028176044399911428,-0.26960728662435995,-0.28423619886411844,-0.2487793577665655,-0.22245157349449607,-0.2964144182955778,0.012974925698574091,-0.01504070124596674,-0.2493428327244274,-0.0718871510466913,0.0,-0.0008124038068541839,-0.28067738520932095,0.001501157963642447,0.01248434982409788,-0.007587336477932742,-0.021242082415180344,0.017694954495921515,-0.10200897642156548,0.03936677443838332,0.0007773203471700546,-0.25045408135400804,-0.28661839324360316,-0.020906090352197183,-0.29114491109346413,-0.024065763683566624,-0.23720387902159812,0.02002776135688791,-0.011556251118586214,-0.01627245855425477,0.060854030752688665,-0.007753036107269812,0.015190666580817032,-0.018595554281655397,-0.01047004941989363,0.013417481510747079,-0.19971837863352532,-0.023154425045652738,0.04351666902166023,-0.004710696618193332,0.016920502010683548,0.02019932544919597,-0.010094637283029926,-0.01314024741663028,0.02742557486182158,0.011932581670849764,0.03699757572973954,0.03253451861744644,-0.026719434865946988,-0.20954977101085276,0.007495521350617677,0.0,0.03362386982298489,0.019522767519360294,0.006925473634432525,-0.002577093081627879,-0.005927917666397613,-0.06625798039998108,-0.01206428223855125,0.008836165900088512,-0.0656659441792289,-0.043478007707904304,0.013943344239767978,0.0064783417035743866,0.0,-0.022910940136583385,-0.021802279100847765,-0.008009120063070372,-0.017824401402925724,0.0,-0.017863393909139595,0.015629920456547035,-0.012136947185290703,-0.00021857357185022267,-0.030028506157402362,-0.028007529209817597,-0.020887604951306725,-0.0106904361373223,0.015519341577678699,0.03969253635750896,0.0627140801923669,-0.08441281740565941,-0.18470425977754484,0.01766069533571559,-0.013474855542574861,-0.01876449554799342
D,0.0,-0.0308717863772409,0.031221975346776704,-0.023090630413330177,0.013367872441302952,-0.002919820804822352,-0.0007350077391135557,0.002598681912607238,0.0059395535539357195,-0.2444550743660412,-0.23576867472862512,-0.009184119548898764,-0.05431352381209947,-0.00250975989640508,-0.016665510865205492,0.029972490950325913,-0.1057724555169938,-0.26838400058844075,-0.23839257517949544,-0.037920298034511746,-0.0131928121811535,-0.041225076070294644,0.0,-0.1576028397260597,-0.1862295084955532,-0.2627051706876688,-0.04466470808620277,-0.0522134927648701,-0.016489094255078156,-0.03410102749185579,0.0,-0.02868004436082836,-0.014870186586609564,-0.29890027902403515,-0.2574880014146261,0.01062218309420689,0.014005607611624817,-0.22745259296880604,-0.27796604050203394,0.041412839867402185,-0.014808031304276856,,-0.006145583271520154,0.04776924592352113,0.02714324780896709,-0.02775966812726482,-0.0012558215564344166,-0.09477232060309826,-0.011743887208124974,-0.014086113065864124,-0.08347138658048946,-0.05389615535280236,-0.3222473538067838,-0.3081076070167178,-0.3279180668817122,-0.32362128136110835,-0.2917085107577715,-0.18966231483174023,-0.11167566956063453,-0.29465233734205165,-0.22366629181568837,0.010654807390012743,-0.009044435056547125,-0.12997088245191057,-0.06222754524007411,-0.023349713885415464,-0.011624913958689614,-0.030379378825077012,-0.07208734303552491,-0.11571825698502874,-0.3282946662508356,-0.02103036119870454,-0.019170124565998006,-0.234262294725507,-0.163531658624458,-0.12422228920015012,-0.39234820071138676,-0.4184282969242429,-0.36902550326030165,-0.2033518852138629,0.013499810763066295,0.041154355941563706,0.07107588955797331,0.039819661770869756,-0.014109319456695463,0.0,-0.06250257423504896,-0.027827904451975916,-0.009886425242599603,-0.0072119811024958045,0.028811712535154313,-0.07277814145584019,-0.034021656656728995,-0.14031810748601883,-0.038831498194762934,-0.051253763311330795,-0.2641807137124765,0.0,0.0,-0.30179350512177017,-0.0463010836460009,0.036197749925381106,-0.02482490223449964,-0.14314927003570552,0.010618327786406104,0.01791687075078221,-0.0601427728520766,-0.00742656610839312,0.0,0.014174120218052425,0.0036572490061529558,-0.009790215058296765,-0.14900517812758693,,,-0.021176377382874513,-0.02936538055925362,-0.012485119875473922,-0.12060820293557775,-0.2614315799793546,-0.28714265607689593,-0.32772226892765977,-0.2028002796502198,-0.14057027916402542,0.02350637024114473,-0.02967592165053167,-0.26048525423158875,0.028746150877889395,-0.07096189116781454,0.04515580717226147,-0.13254396814657773,-0.026861373566322032,0.0034395916331523583,-0.01447430135414941,-0.042109998133552186,-0.030153392161115393,-0.08000999014210422,0.019143852492885187,-0.017264234359289247,-0.375537046107445,-0.2800162726100791,-0.0019089245109233143,-0.09688898229400568,-0.07416938313903097,-0.25176310674568847,-0.016023942425224137,0.033506052754562025,0.013149186033114716,0.10408910797541597,0.0,-0.08595892542530345,0.0,-0.09887442151846043,0.014020159006670979,-0.1564875197331616,0.04013135582643014,0.012220365367334209,0.0,-0.0020072823070691895,0.022340079481941173,-0.03251638452298712,0.02837712862979449,0.014201575346957877,0.004006444302087889,0.02504149200779904,0.012142935599581994,-0.0994608243273176,-0.18598980443439828,0.00020478848813308692,0.020686045513911597,0.02788285711163271,0.0,-0.02111519648429507,-0.03407974617941005,-0.03377644118583381,-0.21443242104050086,-0.02011892469297219,0.009059837858374362,0.006638511807417581,-0.019522406967431447,-0.03039385600577841,-0.013202657218220448,-0.01577483733334953,-0.12409166516426529,-0.025128038134691194,-0.027401498807367884,-0.0064317036905162705,-0.011437931168929778,-0.002085117232995714,-0.009449579968765803,-0.007152812097834221,0.0040666159010309365,-0.04899863337197416,-0.025026051858075292,-0.0055562158554875885,-0.033234038989964805,0.0074668666423153,0.1035095151822224,0.009866766425100886,-0.02106354587393643,-0.1783157861285628,0.05181217513908014,0.017374463315060335,0.0
E,-0.0024490256745264343,-0.020145480457281685,0.024876772931013723,-0.007560401633756774,0.01199920568864089,0.00754399980379586,-0.02627649311122346,-0.039269942842168955,-0.011769149028749657,-0.06588936797686482,-0.28625947919174966,-0.021649013985836546,-0.07408935461750088,-0.0019734185509987347,-0.005401479451036074,0.025897780117896854,-0.05946042541697678,-0.11048754294232815,-0.25463339202706575,-0.054316002878255894,-0.02018630813012881,-0.05350587132793011,-0.037479447523721385,-0.07014020634973259,-0.13633853097051452,-0.2291850561450729,-0.09133919746998381,-0.08902471639088774,-0.02872090520593487,-0.049052198497372246,0.0027213164105528414,-0.04488146054558664,-0.019469029198158964,-0.222937535611982,-0.24570425085624953,0.025189316353354255,0.038056056978402114,-0.1981133100220543,-0.26974763276136104,0.03432286163065873,-0.011809074689592466,-0.03359544350817608,-0.011767600743309783,0.11566086417004216,0.022684300998216556,0.0021943546666347976,0.019829477975779577,-0.09217412378193929,-0.011283957297634744,0.010092606379055787,-0.020875705880796187,-0.0714411056923483,-0.2754832940070388,-0.2733057385085598,-0.13193312545884894,-0.20420029978159243,-0.32433476643938414,-0.15152036760928903,-0.04487131762120546,-0.29501352409133663,-0.18466689882739973,0.0,-0.08254577451160848,-0.14382096975754283,-0.07759280381443077,-0.017605920613638568,-0.009614152188974616,-0.0385982964930447,-0.04953494852183104,-0.08663271034720804,-0.23167941285986665,-0.04946090174374815,-0.01370518143272527,-0.22372364919637744,-0.1398591017155065,-0.14173122992056436,-0.3171076777952726,-0.3421213558848448,-0.33461367423066235,-0.2601634489916528,-0.007301316833834662,-0.011685435818339236,0.0,0.0067344120033268,-0.03306865792025566,-0.0006872412165838827,-0.04830766638684124,0.0073767067694462275,-0.01621891891438842,-0.001708028113209328,-0.0069100201422703225,-0.033602036214422044,-0.04241148793965168,-0.009499395593603618,-0.012509125359735775,-0.07161385394390984,-0.15346255949530002,0.030557838914837404,0.025215294874339805,-0.27351580055402086,-0.02278024612819896,0.009720006581618474,-0.026678982941424987,-0.12964239658302673,0.05231127556325445,0.01772640397116154,-0.018654479626674925,0.027194382863260275,0.024988006682113446,0.008241620041080509,0.01773925463057846,0.020564349249205346,-0.007023769417394471,-0.008951004589733169,-0.012878848983922601,0.042364873889206206,-0.03286372578044002,0.019065188052093816,-0.03167449405501038,-0.2231385341882461,-0.23724823067853726,-0.3227610917740303,-0.20681044468888968,-0.29863824161624514,-0.010513286935851188,0.0,-0.23678126221070478,-0.1276966901953697,-0.021881423297661018,0.013958445788843801,-0.1541263099041449,-0.0200948829343553,0.0,0.003715362202230038,-0.05341878618460033,-0.011173510834973881,-0.05188514229225813,0.028584070184596223,-0.005482001945461574,-0.22561728267746028,-0.16934022460200304,-0.027708228622466104,-0.2210744780491678,-0.04172159346581257,-0.13479133594450646,0.013921465217496189,0.011180347484726842,0.0,0.03935045215292785,-0.0029008514211144713,-0.02803228664578761,-0.006000432255756507,-0.06741829250931065,0.044427179176770096,-0.014012202928179979,0.007182162326448111,0.035281857500296596,-0.006581980376763205,-0.003982663118027271,0.0345023345110163,-0.003188757424590423,0.014036626832136152,0.01049175382483272,0.011180741479946332,0.028175915671300667,0.020518189231806216,-0.022465737910362514,-0.21305083845806164,0.022122743785677825,0.0361053108005296,0.08160228569974792,-0.010113921014446326,-0.013178366535830406,-0.025027658217677485,-0.008683193434028855,-0.0849298658072132,0.0,0.0018483999294824133,0.010634392638079943,-0.032155147894407154,-0.00772239811783837,-0.02094293165853919,-0.030064408330611317,-0.016802918471123904,-0.019286696161241484,0.008815072342653009,0.0013623248433658392,-0.0010987334435782646,-0.03196014982712867,-0.0003896551799342624,0.0,-0.00539873594812495,-0.008080125021390447,-0.01947677755800324,-0.021202652256536492,0.037006455696469875,0.0,-0.006335740213529177,0.0,-0.054739429506191345,-0.20015703810469726,0.02006040593347928,0.041966196001952887,0.010858948645215827
S,-0.003042186845793285,-0.023654730940673385,-0.0076581782332902325,-0.01754743979792566,0.0,0.013586309336763958,0.000711275042998909,0.010808108551490687,-0.01859161442130141,0.018593778153422797,0.01355259244018426,0.033165393061295095,-0.04529899833282383,-0.0057706469124431045,0.0,-0.018558577861982065,-0.08748077570329306,-0.08357452953644698,-0.028567666889958772,-0.04334566588337669,-0.058696239308866874,-0.050127888313436085,-0.0023633403972246085,-0.08084862757989043,-0.05598041805394338,-0.14337038931138482,-0.06068400373866913,-0.05862001894302376,-0.04777311907701766,0.0,-0.3111665877744547,-0.04697603322216778,-0.02383501276800571,-0.1131935512955103,-0.22673504987975696,0.0,0.008168164834874862,-0.013177641810519343,-0.0019487938235801501,0.0,-0.03604219834349398,-0.01790157782739723,0.0055022480209007225,0.03958569253676311,0.006015795194712415,-0.01903774461133511,0.0,-0.09985919340780043,0.0026877505723837177,0.03482340059977539,-0.03149528315939217,-0.05335739111036185,-0.04870073413364344,-0.10631711247963319,-0.13789985404496968,-0.09966377722523972,-0.20739969646522724,-0.06625960671884441,-0.03009608450653245,-0.029937325678798886,-0.14281371145858796,-0.02544176587695695,0.0,-0.12006334318524367,-0.05126953496217204,-0.02324358265823412,-0.0007368793295290402,0.0,-0.013155018442763088,-0.07246283755186739,-0.23112801518674514,-0.041977317442891356,-0.010001748349349516,-0.21962990247646164,-0.1435370863173958,-0.028231982816242313,-0.15404798816716175,-0.3127855487558545,-0.2699154249619715,0.0,0.007484709523555091,-0.0021457202864062852,-0.016347249059613034,0.05737149996850459,-0.023408462854317476,0.001955107079976658,-0.052295723609343606,-0.03656918911236376,-0.0029119675325994278,-0.014576130669048625,0.015731150793692146,-0.014441162634705797,0.019238532728074714,-0.017972371424782523,-0.025213704860359173,0.0,-0.1659201613620556,-0.008108948219990626,-0.029992109168298645,-0.05491950405685754,-0.010867737693135617,0.04108929813267687,-0.025777570281483083,-0.07761076196906264,0.0,-0.005662600930548901,-0.024108035436728053,-0.007817994099198743,-0.01151662372142141,0.0,0.011567873016491,0.0,0.01910260214652522,-0.06913436140179897,-0.012733243394543821,-0.007434782081737444,0.01738746404360431,-0.013942827906015958,-0.032104777166603336,-0.0793165017538994,-0.10442373707982444,-0.10671452873724464,-0.01048390201731603,-0.23451267448270774,0.0034724251365513136,-0.04201069521923388,-0.07681052361958648,-0.025329823702032815,-0.06792158734387713,0.02553663055595771,-0.02632214819074449,-0.01812332694577231,-5.0130929291533274e-05,-0.00469311876134095,0.0,-0.01295737073205105,-0.0479455711730119,0.007450723268286889,-0.004332695119410814,-0.10421800733463082,-0.059563126716786444,-0.04748183457562327,-0.010260417610501574,-0.027527606682860334,-0.08852102280990587,-0.027445254827612082,0.022339281861142608,0.001700834618278348,0.059814137001233954,0.01859151077368411,0.010953793885377691,-0.056704577829907926,0.006925009831990013,-0.02130354541643774,0.00858122562647486,0.012951823092142753,0.02355649923108719,0.012259458247056425,-0.010446310402935161,0.006423691220219635,0.0,0.0,0.00043974349826456614,0.0,0.010339527807926173,0.03915655636869862,-0.0069991671115565215,-0.12271113849320361,-0.00251020331900348,0.029890881812642205,0.0053344105622798324,0.002917907109424138,0.0005299021956642054,0.0,-0.03313860161776995,-0.02136722832763197,0.0002519941083528156,-0.003313312324357226,-0.020197037289137115,-0.005880224182444212,-0.0017365526977496677,0.0,-0.029064851413375767,-0.04409972486345241,-0.029909974239209106,-0.006970038874985982,-0.02456863116235513,-0.023594017526301365,-0.01973797020642965,-0.018321635287010623,-0.018869983818808226,0.014622232341083657,-0.07401589123814026,-0.005450177629653598,-0.025701632790433783,-0.018171449523456187,-0.007617773609919523,0.06956408067822463,0.027515457962514256,-0.04122752346495131,0.0008950660554072638,0.004099557985673862,-0.0186190547189235,-0.00943087885986089
T,-0.07538260892800079,-0.021214307519910866,0.028798430521897976,0.043070168046878896,0.06549991437754632,0.04718082571042934,0.0,0.03894736947015612,-0.026772524848508183,-0.0045577380241007045,0.012535742847220683,0.06723140035586841,0.0,0.010702658486631229,0.010598359814165598,0.023372314988013572,-0.14490609567367385,-0.03127153187758285,-0.2212669825020005,-0.03280828591618218,-0.03143631261595157,-0.058737297615412805,-0.0032233419303762233,-0.024462760959594057,-0.044025533069240494,-0.10149520101693407,-0.05582252070348555,-0.055498750084463644,-0.02717749517879245,-0.013540762229477886,-0.2843398163080033,-0.023259781989889067,-0.001581401700413966,-0.02701476215048062,-0.19533415691704847,-0.030180597715984844,0.02758114359328514,0.018322614109089513,0.0,0.009637306889939837,-0.05549161175851147,-0.0149579122383756,-0.018672905930992797,0.01873982366251555,0.0,-0.028709780062249064,0.01079626215768951,0.0,-0.010176846099234693,0.006113729647557958,-0.008667009709237897,-0.059421842968276746,-0.029755125559713925,-0.0420096443345771,-0.05599275674411841,-0.08197719986579179,-0.16779748380269288,-0.11118243489008373,-0.011951815882188539,0.0,-0.3158796097611245,-0.042714613735889084,-0.006368607593494563,-0.0537383866862019,-0.05428497152249179,-0.023669694489230106,-0.021868474568353932,-0.008262667581951428,-0.027943745927620202,-0.03516826457475074,-0.14480866845202686,-0.053013990355800775,-0.02741937524207804,-0.23783627099548715,-0.053357282895759056,-0.01837163320090355,-0.13315433181218184,-0.12801374163168525,-0.1759598297371777,-0.07954175062217199,-0.0052216476769810696,0.013757061476433744,-0.013571708861855412,0.0356957378893525,-0.021949826776948206,-0.004252880311723844,-0.031629231935911786,-0.01622944176715257,-0.05206086586324331,-0.03896159395735943,0.03224788201959161,-0.02757006314336132,-0.014173321623062821,-0.010687985253105808,0.002473895715177037,0.007181476451004216,-0.0865538089317513,0.014070775387720178,-0.039570522805930264,-0.02575405784079714,-0.0287398084333181,0.004393689128359587,-0.02849686964721684,-0.07532283036130892,0.05123818819544845,0.011928932757019381,-0.01134725454408718,0.007440017071576048,0.05501387269109399,0.01611214655373663,0.0,0.01590373010531583,0.002864718738152544,-0.0312818138414577,-0.02552486421244171,-0.021872543560408214,0.01530862229555197,0.007690458290626581,0.008405822753215038,-0.03517722745476991,-0.0613413716306815,-0.06651835265067224,-0.15939203123199755,-0.2969754474657993,-0.006596237497595139,0.041512984717353596,-0.039545698509922754,-0.013572339023331662,-0.06352465750357256,0.06210241252818519,-0.02142670744027908,-0.0309162904782478,0.014458716291067245,0.00465115820465636,-0.03652330341748904,-0.01337318299800301,-0.08924740385874097,0.014038655836557931,0.02006766047668889,-0.022648035040293307,-0.03394730968098724,-0.017525986858075094,0.0,0.01028045931783053,-0.0635310038591611,0.0019342523021731884,-0.015934871847700614,-0.007002365090586039,0.057923773319845454,-0.03305442629288642,-0.026362982035811035,-0.035259556824802016,-0.019059593641959145,0.012960164954541966,-0.010775339274225533,0.011808880152914621,0.008476180931338145,0.018936391961657167,0.0037609302922951824,0.016230998132850068,-0.011030779132918637,-0.018822337765612842,0.004104335845514218,0.013024212470637935,0.01735363329041375,0.032939368896957776,-0.027703578094833113,-0.05766192743343308,0.01851007062970772,-0.01836173662280894,0.007222371996978035,-0.0010917085040104196,0.02915713664968955,-0.01372460735980721,-0.012925953921341918,-0.002478164364115365,-0.003951866509031333,0.005790348069174058,0.011588310252063328,-0.09455583443878011,-0.025138443718324764,-0.018029544883662207,-0.028568274773109928,-0.07131873441528401,-0.0074990527418292196,-0.017658500732799606,-0.024864561302100227,0.004747638043293022,-0.021442807697305805,-0.02519207850890476,-0.03659948111804495,-0.009064667286520835,0.00083780918096484,-0.07126232212908933,-0.046725643284509163,-0.012286348641990087,-0.02109766443762663,0.011540662182678095,,-0.04739591047441223,-0.10547166388513596,0.011173599341552353,-0.01461666580208877,0.015270548152462801
N,-0.0936417490695049,-0.019135182455415595,-0.02982392293337841,0.023940609789654406,0.12519441371351703,0.020278193180165764,-0.010709865467191942,-0.032687121699298285,0.026803734459703986,0.024410234931868866,-0.1286488775453763,0.0016452386781906046,-0.08143147906612355,-0.025841933680724943,-0.012585843467099466,0.023614920725458958,-0.11042684382289002,-0.2147629919343756,-0.3000588520300265,-0.045058107275340493,-0.048346765281029415,0.0,-0.048087762258805504,-0.043318445894437965,-0.04018002346220283,-0.20109233443441332,-0.0664573962369399,-0.042471620736591345,-0.024778760874247525,0.022146443608954992,-0.2207938361881442,-0.03463842417582434,-0.14683652901902977,-0.022463688207332234,-0.2411709523185039,0.03827340007030365,-0.0037120457335608707,-0.03792979347231874,-0.2372445659134102,0.007847578896830286,0.004298509386794923,-0.011448786899832773,-0.02619930524741487,0.07336724016672332,0.04953922602913172,-0.042491396887400085,-0.014579719887149432,-0.12437809083620419,-0.041543686985868855,-0.021659343773193566,-0.044714019478917934,0.0,-0.19829919030281287,-0.14022234508464493,-0.19654557369074238,-0.20070077095218591,-0.22387346240178746,-0.08662167369780904,-0.012556660498697782,-0.07218202922406097,-0.20390529024873663,-0.028676150173723117,-0.052516026699967445,-0.06271802807727057,-0.044450297279409634,0.03104222128927478,0.014583962514889116,-0.009469983162645537,-0.05746948218782565,-0.04726285292020392,-0.1616981567313105,-0.0776882906713747,0.0,-0.21181805546372795,-0.21608448141306322,0.0,,-0.3210497873853362,-0.27415076137795674,-0.2100279314286017,-0.02960876421149296,0.0016789121903579727,-0.004349188808640793,0.04845130424445472,-0.01842023483602852,0.03435829689764011,-0.047281476944912464,0.00641897848361456,-0.042740495510442796,0.021836202152533322,0.016760502236153028,0.02414954945877032,-0.03170396855046748,-0.11807541645019747,-0.007870761880338731,-0.01230823190202835,-0.16270768946830844,0.026814896949509486,0.01404283711053524,-0.24945013144309985,,0.036055335883167616,-0.1565920802853233,-0.11717223168045054,-0.004102556975007903,-0.03331907105130736,-0.014305748551580004,0.006376918601218456,,-0.16285058397089713,0.020788590115160883,,0.010441126109206745,,-0.024819772727488552,-0.0137975444000379,0.0,-0.0019925841771830034,-0.0030756756542782045,-0.06019348240547694,-0.12221950244553972,-0.24551139132287628,-0.15726907102770935,-0.3774083459387605,0.016502784494448208,-0.06314984517029754,-0.1112879826222446,0.001988596945875185,-0.045348129641620716,0.017769776903250458,-0.14698534137915603,-0.01651396269357415,-0.015862421155241134,-0.010292213797514398,-0.02434035471995768,0.0022273086754713554,-0.08695458834777113,0.0,-0.06332763778712325,-0.2052255974633834,-0.04434021033732039,-0.018308646991835646,-0.013485666760029833,0.03723867588638739,-0.057993689786833995,-0.017892187553923,0.0,0.017770059932470036,0.02910023172138674,-0.04089192106096152,0.016963732669959083,-0.06137398542934766,-0.04341258582053609,-0.017048904681917776,-0.008849256794491694,0.0002275147700716018,0.014056115430453394,0.03497035094014049,-0.014763944128778933,0.03735201436673052,-0.006647079298498802,-0.002029088288243181,-0.013876997582785449,0.0164228977663846,0.01341378287823523,0.0359671008468577,-0.005993728269430149,-0.1625095386998444,0.009615358790981594,-0.007163873908563705,0.023764611742762284,-0.031234448388733377,-0.02176046568199981,0.010294705537736596,-0.049395866752467224,-0.027783005752531204,0.006962986253681845,-0.02979068008570842,0.009547165294717089,-0.023167703655858705,-7.757699706968137e-05,-0.016962935441635397,-0.0013003289130418504,-0.018018133272282744,-0.019479912139335108,-0.004905039471650255,,0.07999728445764497,-0.016911500959804898,0.0,-0.029948270528070697,0.0,-0.1011214182202228,0.0006820909358972761,-0.02885644773188137,0.04183111914660392,0.032684151705266645,0.04913879779377883,-0.0037748272291880836,-0.028299658334620826,-0.09989469891107462,0.03583354595041203,0.0039326316548009355,-0.025851625005260823
Q,0.022254823455720343,-0.04734162117933158,0.0,0.0007497392609711441,0.10795570122438797,0.023989521156988117,0.07903438064638002,0.011532980523360561,-0.01839298613192654,-0.009836406573656914,-0.28525326287244784,0.01257569343159282,-0.035020462582748955,0.015621790578055933,0.046522029593217995,0.001470099515507522,-0.009771086629200988,-0.005345555118321384,-0.26403077614528137,-0.0034093654606588844,-0.06429847438674241,-0.06268613068048648,0.030528563925673977,0.0004749161375549437,-0.06531895285525766,-0.10552442959577615,0.0020482704142661154,-0.03940874658572989,-0.046900575675841286,-0.02198124802592579,-0.2389357571764154,-0.02218927377695999,0.037156751326655114,-0.05815376532400198,-0.07103461465918895,0.025101955217377545,0.03244178455475412,-0.06785349361179524,-0.24388294252241852,0.019819280439890802,-0.04818182932019835,0.008090194566584727,0.0179072745924762,0.07057611616833999,-0.010846741331791709,-0.0013486107123224511,0.022771247034217606,-0.12397789102110436,-0.007286032951286464,0.0,-0.04852457744901837,-0.06347890735429833,-0.22977776139670766,-0.20946607140075085,-0.15407034791744406,-0.08570334025668672,-0.28433149882616326,-0.07070524878693624,-0.04779806772841487,-0.10258725753804421,-0.20658990657734788,0.002239913588160474,-0.05837232650941125,-0.07664931539858032,-0.008690911867969206,-0.036506230776591875,-0.012428399365220128,-0.02726411703832546,-0.03397003045208129,-0.04965693055729105,-0.087843678939247,-0.01836348091120036,-0.004249675346537689,-0.26468991131631975,-0.06234735444624714,-0.053704948161141526,-0.31499823666801274,-0.27086156789336074,-0.24909035112379194,-0.2192407900361646,0.0206036036774273,0.0,0.015074533929450584,0.05295816863390217,-0.005856200944236195,-0.025751463683146007,-0.04301818791303113,-0.009720139503143226,-0.014054836736541593,0.01885745902915331,0.0027493562586279434,-0.04685111301364783,0.007197799201701072,-0.08822747992121699,-0.007488383970385078,-0.06992677832194955,-0.15376714721479842,0.05139581516341681,-0.011683227822932744,-0.29049603606760077,0.008277306261604257,0.011798403460766065,0.0010663455833496167,-0.1462371544768703,0.01503875946527777,0.0,-0.032241878159389656,-0.012532981087022443,0.05305846407457786,0.030990333159449518,0.015088169527421442,0.03512769437033451,-0.031816662404784646,,0.0,-0.0040776156373041866,0.012444554040116643,-0.006939012521061427,-0.007662582442255457,-0.09962051881387307,-0.165634050829098,-0.17647743523033282,-0.2598181968816034,-0.2854864931979892,-0.021161055307361655,-0.030160036102662265,-0.11273940326483822,0.022815003027674315,-0.04477369079240072,-0.07589112377515406,-0.19165299425175847,-0.02289195279637063,0.050745170810421125,-0.04261555372637346,-0.020116037841769414,0.02241416790336935,-0.09573374998200651,0.028992731385171146,-0.07799886847161275,-0.1253059581909907,-0.03921006138876301,-0.022088311388941385,-0.22412198621331483,-0.08795478611850469,-0.04574727254238681,0.03840565340120886,-0.0013441871748615273,-0.052089928845859446,-0.011387557984129803,-0.027708955669780787,-6.410703668353543e-05,-0.05299893947329383,-0.03628715491595531,0.004761076817447818,-0.06949166147562647,0.032004431669910155,-0.007898641120160768,0.001503656327846978,0.01527972594969027,0.02905961116986723,-0.025864150210311347,0.01775848720315352,0.0,0.009988061200003121,0.006363702161004006,0.03337413178141485,0.02726637973565251,-0.17792350277251576,0.0019494069001665688,0.010277078005978615,0.0,0.01841571285242284,0.0016426008744766013,-0.044246159466483914,-0.028116736407172563,-0.03572485378638628,-0.012402040698801704,-0.17279024797489173,0.013123901328298404,0.010825435904987465,0.006883940250733564,-0.010601431712267238,-0.012402873658500329,0.0006261112114401175,-0.03385466793747574,0.0,-0.026085725739898084,-0.012080701579956419,0.015352686729297203,0.004394031239999735,-0.03594180804885795,-0.007172815847152618,0.02962332868499752,0.007602173083076337,-0.0467969399352416,0.03214564688410612,-0.030362475088191572,0.01614460734592226,0.00264196441094373,-0.050043684941738546,-0.1103219334986196,-0.004837966369553769,-0.04075269011114485,0.031013989759808472
C,-0.10501950451789133,0.03676434122133826,-0.007137971323677133,0.024773851787609377,-0.00252428310103546,0.036197631222547245,0.007584356113635708,-0.015342121422871328,0.020652642330341447,0.01841108934825009,0.04134301404922301,0.04069330516733742,-0.06849607886142894,-0.02009749119461421,-0.029163174723806844,0.01218016947258276,-0.053549111856725715,-0.018589003838493542,-0.19899561470125404,0.005202529250830491,-0.062243678418646656,-0.06210620232800103,-0.03161989424077083,-0.044349883872766116,-0.040937334065147726,-0.06285874719696341,-0.012926118030298955,-0.054347319107986805,-0.014538907720642289,-0.05038360162571891,-0.24193620641278374,-0.031207960341246652,-0.015504979460143153,-0.042950098549009615,-0.062061832012481784,-0.014939044454880123,0.0038411460484547378,0.01628952112387013,-0.06769200492268132,0.006148198023164103,-0.05775819348733302,-0.016032110186299055,-0.030953892749892256,0.04914705307698676,0.008384886384079604,-0.01810534187057186,0.023514899676105396,-0.11465288705594158,-0.010591300611306875,0.013272151390514568,-0.014907008411045175,-0.042218945938254385,0.011014461680502893,-0.007771788435697957,-0.004151824766875363,-0.06525577260473794,-0.22240772992475474,-0.07512107970685315,-0.012519008376891513,-0.020033731411121313,-0.13318510787875262,-0.03046718434299108,-0.015484498430391107,-0.031432299487347506,-0.036060611913277224,0.008129999303389972,0.016223236288555633,-0.02840192499840761,-0.06191860374724216,-0.01108413662946342,-0.03113837782151501,-0.01908648340399661,-0.0010204305215718284,-0.2502299027224556,-0.08547393626014885,-0.016636633040560178,-0.08468640045980907,-0.09261613716269654,-0.1089874208738342,-0.08060902117992619,-0.02912177897472347,0.02247597347876512,0.003592131731238808,0.02114943565421367,-0.010765145200064939,-0.0024089445277499953,-0.021977898192038776,-0.015642552135913753,-0.007706249607626415,0.013241283445040141,0.008748686228222953,-0.027876803822054243,0.010443148088557242,-0.04040757137123424,-0.04953523669615308,-0.02704635642936817,-0.08198774459348582,0.03601863957603427,0.012577619608242632,-0.04308287061646463,0.029165981506723875,-0.0017193627787564676,-0.0025714024303340414,-0.015164207021236852,0.0315214107932802,0.008362304224369127,-0.04525207196662048,0.02587597008948575,0.0326586988376958,0.07348752751465212,0.010394563239158989,0.007764430242920919,-0.017837906999439473,,-0.03348124533249743,-0.002409091627021194,0.04260266018132977,0.003387439997152913,-0.05222810486376667,0.006176721795170364,-0.025628042386391173,-0.065047248876852,-0.11973939032466273,-0.13534714853327443,-0.012839606509572443,-0.025878288328606964,-0.021048358416634133,0.0,-0.06555008341783111,-0.010709834058741515,-0.03578996711762777,-0.04307025823033823,0.02467830970427004,0.009266119430711092,-0.023934922562622404,0.009440214122778113,-0.058074804577079385,0.012224555008758443,0.008651737487431522,-0.012148629329902188,-0.05520721399287741,-0.03469679801128005,0.018616291120324258,-0.038591622093795554,-0.01691902500205646,0.08004605685745417,-0.0060368143339019145,0.021684979200519407,0.0238657349517417,-0.030171548410782248,0.0,-0.004387397764441685,-0.011955152136914374,-0.039271746487232854,0.031013362765187867,-0.0034039151592658054,0.019857055805062453,-0.006295786894783948,-0.018710262690408326,0.034337943633251114,-0.02876749656412339,-0.040327122768814234,0.015333185255225968,0.010189420924607687,0.0,0.011086945691880908,-0.038217686379203517,-0.03398698407210525,-0.02739867051791508,0.0010563184247597889,0.03158332283671188,-0.010823815185623555,0.009574405043557204,-0.027001508663284105,-0.023931554483157542,0.0032333107829217124,-0.03371875851949167,-0.02873969450718148,0.01717857292165569,-0.01335510872595015,-0.014201324098933942,-0.004165123045055086,-0.039429423430247565,-0.03042956632223464,-0.021919643277914604,-0.00869820052452518,-0.020186005481224158,-0.032344340635560104,-0.01536736437188774,-0.0067498120227220005,-0.01478562499863033,0.00229164546397956,-0.04107289510259092,-0.028526609395265905,-0.015227537097253503,-0.01345174506225116,-0.007244895471271773,-0.014050777747489064,-0.011200023245282355,-0.026292261335446102,-0.022764396407450916,-0.02652327414762352,0.0019971544418968526,0.019113691284924232
G,-0.06917347912261493,5.880191197769804e-05,0.02133761123227235,0.012686197672756505,0.01816208539857433,0.029818294400838698,-0.036609590214010564,-0.003200917038262705,-0.03694944416504266,0.010577619561736355,-0.008050451933144106,0.026645066996734995,-0.04686234032297082,0.0070004210392024795,0.007575706958573597,0.011716301790874609,0.0,-0.00046161288650627217,0.0,-0.018502201596589114,-0.051138140954051295,-0.06761894095993479,-0.014623296597445955,-0.18430651291149444,-0.08133215257542689,-0.09933603149612451,-0.03160092636062288,-0.06688717568711267,-0.023055618360053345,-0.03346137430595489,-0.26287963069936965,-0.0375686124955714,-0.04834363189159535,-0.21748408131582797,-0.26195146193686325,0.005766328693244042,-0.0072523135019483,-0.1533035860925965,-0.23030615665988674,0.03520853110462269,0.0,0.010595184853125569,-0.014543840246567262,0.04410783562899367,0.017720450547803003,-0.020282401923988353,0.04010092273898461,-0.08446166994038543,0.0,0.010582299377840311,-0.031183195728882878,-0.05522043978340056,-0.03428134554958383,-0.17936319185235627,-0.2141518449087737,-0.1693977049878905,0.0,-0.11827199039789704,-0.024331027767176824,-0.1230433389359243,-0.22323036063874774,-0.04513883937815386,-0.030509448326887678,-0.07722830215093374,-0.03287441516054538,-0.03368860397914919,-0.011322338704646264,-0.002620987075393289,-0.04273389170406017,-0.021728512150753894,-0.2985533328930905,-0.002210619757579732,-0.011034250197154968,-0.2872293941441837,-0.15298171684321377,-0.07472739099800271,-0.17246939642283277,-0.3137774945693609,-0.2977035231055291,-0.08688801233900662,-0.032951216398814015,-0.0363711102961985,-0.015197239364448549,0.049329761330144724,-0.040591798707572846,0.002028161653054671,-0.06236150695441761,0.0,0.0,0.0,0.0432519044731525,-0.08223216244760807,-0.04226273507448052,-0.055994061522130927,-0.009581590940467014,-0.07291392368143666,-0.22694704355204146,-0.040983177986053276,-0.00041940987218100183,-0.031627969306778456,-0.024149269158680684,0.001264806220297362,-0.045356905104796355,-0.10437862092101474,-0.0016374299498819328,-0.01211978907936043,-0.04130287962853464,0.017666589266673773,0.07330307282509943,0.03279128399435931,0.009510862010116455,0.025123727262211123,0.034632746390305044,-0.04552209009696545,0.006761086258196294,-0.02569969642143269,0.021647322407926578,-0.0038877101806795915,0.007809190616462539,-0.19886130303520538,-0.11516901617588166,-0.06176790898663433,0.0,0.0,0.0,-0.024315869560332094,-0.15678065719597759,-0.002372305798404583,-0.050378305133440174,0.012595772385425193,-0.062329043075546986,-0.010174279255236663,0.03835941870569943,0.009684307180950378,-0.013723727372234557,-0.015184254742679378,-0.0851319177105574,-0.008582381684191245,-0.00668153536664048,-0.12584181326991997,-0.062170953222943234,-0.0190625994532894,-0.10854302571920316,-0.006057671903473678,-0.07353840782583117,0.014400855806839172,0.021184378570349667,0.006600597032111408,0.03537208878077938,-0.00713468490050221,-0.023771586831520537,-0.03773949848721641,-0.08536340148543556,0.026127936192581122,-0.017281369450935388,0.0076728633845854315,0.020298079748505178,0.0023709644743184046,-0.0012598968079838612,0.03584785289359708,-0.0071086214530127236,0.005676720570199845,0.007745250618388885,0.017440667112913793,0.020166332550617342,0.029936883787429275,0.022648312037438646,-0.11408237051830797,0.014035573756393983,-0.0026027040759701945,0.011778552451605575,0.005680052155577819,-0.0019830720366383263,0.005189179624423104,-0.02632926585317276,-0.04174630963219595,-0.03497626986630027,-0.028047876929740687,-0.04846359372231967,-0.011488927175776379,0.0,-0.019902577072174254,-0.00901782229199388,-0.037274499038860764,-0.027933889921471895,-0.0023374564735569527,0.0,-0.021722921720150876,-0.008711566994057542,-0.02510331317072092,-0.024197398189012943,-0.016371101555291766,0.0,0.0018205883503768102,-0.026212067684907053,0.0021486969884863443,0.017880456528091455,-0.023716810030545103,-0.006236476145320028,-0.04507463221128845,-0.18708691374224617,0.013470478481036269,-0.009816449720903179,-0.005278300149514673
P,-0.0006813318163193804,-0.04663665940042869,-0.023697924291379152,0.002657046554472081,0.050110756528993085,-0.010454836766074093,-0.08190288357595865,-0.1086489187398141,-0.003744083380644677,-0.17697379573917682,-0.23741533481155117,-0.06180523833861222,-0.10956795759644875,-0.0035462853911233166,0.009218750280726898,-0.14533019082192117,-0.24691578056098554,-0.2817050965958206,-0.3280410033312022,-0.21321961234194997,-0.2206902050107662,-0.07600195083910907,-0.2740490336676889,-0.09720835950923908,0.0,-0.2771451203461486,-0.07548737812640242,-0.09109440577975786,-0.01874086519219523,-0.008857063595965078,-0.30591192384623167,-0.09045457737799917,0.017209560508684607,-0.31052013324062466,-0.2498551473990806,0.05784069792428441,-0.027749845317147262,-0.3312844397696452,-0.2629005334389761,-0.09148290868886252,0.013084015713661171,0.020770872798976457,0.03506945477768375,,0.03468667535795918,-0.015072558912218051,0.033900839723075026,-0.10093729325025289,0.007536479369898584,-0.01533747587649924,-0.03477413158660296,-0.08752424770667303,0.010574731574991104,-0.36705159567695245,-0.3349322494737923,-0.3045665280473583,-0.30919068537608885,-0.1881995371414829,-0.16237497427585446,-0.3259288306973983,-0.36488667360303395,-0.2058281548254358,-0.24423504990702208,-0.1442636989347169,0.0,-0.02476197915799425,-0.016143481905689108,-0.024943698841744348,-0.009642088455898395,0.0,-0.18432755571331572,-0.01650326370849506,-0.15397043045647435,-0.17830161541096334,-0.25967060891143967,-0.14377215778161434,-0.34603783038430513,-0.47852381880817,-0.4107228269440336,-0.34168752982040435,-0.08207886289363901,-0.2082364829041244,0.005208783845798842,-0.014841236712731028,0.03662163677741906,-0.00875035325531576,-0.04062042681947866,0.006955443818460059,-0.030440737595330027,-0.039261196609542914,-0.04948200163687278,-0.1277132313028999,-0.032256276901702935,-0.24080666076368834,0.010082083573834045,-0.3467277889095104,-0.0779126214052008,0.0026454267644365663,-0.25488965625658794,-0.3438361092604503,-0.1241104210893011,-0.057861956990703706,-0.11027338754668128,-0.12233567617950253,-0.044212762665633926,-0.008225123564477821,-0.05196929484321017,0.023278475983174243,-0.009048102889629095,0.011461364183153824,-0.009768000201558507,0.013813971352385157,-0.02025718354900157,,-0.01952260321169939,0.0494156823733137,0.012149696755691702,-0.11716893322481706,-0.0032983812361695383,-0.26970337679051143,-0.27430220813989875,-0.2570873444631732,-0.09167292349790471,-0.33595392595340523,-0.03752031891623108,-0.15375737466705394,-0.27051311842164905,-0.05702121602402268,-0.20499317308097068,-0.11594988014306976,-0.19932931571059356,-0.12140492119470508,,-0.023492979751203673,-0.016913709133888087,-0.004951548581894586,-0.09347540489443969,-0.02951331809777908,-0.025548907842519022,-0.3329574510318284,-0.2997621334909249,-0.03385771225695293,-0.2376895327796312,-0.05988430183908797,-0.23687148051720663,-0.0640620860380492,0.04038329223432239,0.008803665841866797,0.016867163342318692,0.0049479386624536725,-0.039649991491081796,-0.18145991211317575,-0.27334387891081047,-0.021238172995859193,-0.1862874188666151,0.0,0.03877841772130695,-0.0012345053972004291,-0.007188324625981947,0.011416362479643219,-0.009463871857746846,0.005435844062258848,-0.0010044501639978661,0.015884183673430138,0.017979414771831813,0.01837380866325674,0.0,-0.16136241410946628,-0.12776277311569428,-0.003226053017541681,-0.0011355298126759002,0.045060959163007716,0.02065113787899544,-0.020336588984888368,-0.04099230019462567,-0.227639520614007,-0.06145938992310825,,-0.25894457349073163,-0.19647440441863506,-0.03436283800403226,-0.005080864995808881,-0.03785775950800619,-0.034552812625943986,0.0,-0.024908240324640573,-0.035341733542669236,-0.030548900248850284,-0.01319344468642207,-0.03962583738210656,-0.06802058860842494,-0.1280095363323156,0.010185890177826878,-0.005170367326434515,-0.025631927207246157,0.029605353485080824,-0.1768354074817617,-0.04643807478104981,-0.23784393620207378,-0.0471591757457564,-0.2365559273097947,-0.1810331003201433,-0.0024191977972153195,0.049256627122367225
A,-0.08008469274365732,-0.05248708642523062,0.023839250398368657,-0.015314608747476989,0.024178313319697154,0.014823200663777372,-0.020745893756278846,0.020488572070076913,-0.03428963675264911,0.01227806120213233,0.0,0.0699862981943731,-0.039034030897790284,-0.01328085823063048,0.004682373632233528,-0.019711406061512008,-0.019486251466835896,-0.01624417524724755,-0.012034232727833357,-0.023593013191070444,-0.016636705037438356,-0.05243982559199428,0.007191183690511027,-0.08252022054073649,-0.052471534238715714,-0.03604349696656534,-0.04340197941621894,-0.03740892439181842,-0.05067202806050145,-0.02246253767806893,-0.25448121808740587,-0.03573756961397796,-0.018413302011709494,-0.09693388897277194,-0.07706029559419833,-0.020537646381765626,0.016205450669541356,0.038740430909386336,-0.14650153131594212,-0.010405751166079476,-0.002648352512078272,-0.014209388842044224,-0.01117224898206931,0.036205320545993576,0.004756774756264313,0.004861600791939205,0.026241170586261315,-0.09101594455387044,-0.003029911290780658,0.014469044028974417,-0.033238715767686104,-0.048335468591459776,0.03337596681767931,-0.029802841832696214,-0.07663665409966525,-0.08750067822712429,-0.10940611232892708,-0.06587694039077495,-0.02195543181912347,-0.023888513598071724,-0.11401692238764509,-0.029862721544273836,-0.006212152655479212,-0.08622366540269133,-0.05431340245328256,0.0,-0.0203390643916233,-0.0025569625535378847,-0.016476745260516474,-0.05389026328066885,-0.11727629704625869,-0.027379619188522036,0.029944209885519785,-0.25729751960309205,-0.08172755421389682,-0.025889458967451446,-0.17294178608728628,-0.14322010108530786,-0.15803698309138553,-0.10520494158552535,0.005232629889252339,-0.007412685122765009,-0.04063559869285481,0.038027010800813506,-0.02916993371272317,-0.0066483847244805695,-0.04216086990444762,-0.0059270988064309745,-0.019149297679940516,0.011827810791422064,0.0,0.007985825874600302,-0.003550984258053509,0.0,-0.023007053476343464,-0.11105224192951847,-0.07476961365101337,0.03154150149743904,-0.01129444521676189,0.0,0.03497143162118803,0.0,-0.002161721120224857,-0.049222728609456146,0.0032023672102412908,0.0163970829147747,-0.03635319827982669,0.022527136318407658,0.039884711096351416,0.01339027487235121,0.026108081605798004,0.025678324203581914,-0.00844238871965465,0.02437289961848599,0.020077680285084602,0.005099642877787978,0.025152033229304125,-0.027637889455718496,-0.005937490480153087,-0.017750908721315413,-0.060124765504704775,-0.07704106943823077,-0.11133007622784667,-0.289335145099536,-0.0005332672850250977,-0.03990988080272999,-0.020325574332811906,-0.0075826144496810586,-0.045538085361161156,0.0,0.0,-0.008040787759216243,0.02776047672609418,-0.006687672928446741,-0.021959833655617676,-0.00034013960764873747,-0.06100144207233643,-0.007181786604226128,0.004197885628654824,-0.038379261925030904,-0.06000323351806646,0.0,-0.02716904441607,-0.05787720976310784,-0.028694468598148268,-0.02133565825118789,-0.01806232733486199,-0.012174803195825635,0.05405602522015086,0.0063778414424954235,0.0036552148028721173,-0.03460203693614879,-0.0017808488223913094,0.02373882925204513,0.009609561472809995,-0.019271842484346942,0.01594707707529685,-0.006990053140144443,0.009634064838426977,0.011452555556022634,-0.019902669292113005,0.005493042422800832,0.013204000070496205,0.03084561996748428,0.03605830699480479,-0.009509643902604031,-0.019043714423039163,-0.050256862925315775,0.00932765868349483,0.0047314410761787615,0.03603825170706676,-0.01109938888341317,0.005547161544908166,-0.012015300315554605,-0.03359846835113212,-0.009839967498028984,-0.020448228778445574,0.0,0.0047139624454071325,-0.0364005145487514,0.01027756379807144,-0.010397774521854662,-0.02034107199687085,-0.004568285676352312,-0.03858005147982545,-0.004031930408467795,-0.017416437646287752,-0.014590689981417148,-0.027300727847900514,-0.0059043073397674894,-0.05614716695750453,-0.0013086381944898452,-0.04574112566005461,-0.04354050769109707,-0.04895816977665247,-0.049633987028419826,-0.02206024422371104,-0.04186315392630232,-0.023399969885652006,-0.0321318997650328,0.0237403351276647,-0.04757961447666726,-0.00028542305237329313,-0.004626401350261486
V,-0.10915378544014537,-0.023056311682420415,-0.0038859250525450353,-0.000315519390866853,0.04950258930646165,0.03639398752909763,0.009212395221286696,0.06012714422300525,-0.009693215562475991,0.0,0.023060142822710662,0.04980160571990909,-0.09665353051933469,0.005217580526768896,0.018252565614250937,-0.009499715892673437,-0.11866660370413573,-0.006007931351727276,-0.2639616560682393,-0.0263018257297351,-0.04235430419394165,-0.06710923115176634,-0.0025926224032684977,-0.009230156011885675,-0.0817626115608266,-0.047690390468702396,-0.02091472844342018,-0.05995691816416071,-0.037253772672085496,-0.055988746313904415,-0.2772513615995599,-0.033053338521311273,-0.02608797350843666,-0.031027714428744142,-0.024622135622230763,-0.010674876050792786,-0.017902039013990144,0.0,-0.1287206107231277,0.005127328092994984,-0.07629405690763513,-0.01802989790817128,-0.04200375985776197,0.0,-0.009553210523895057,-0.03275469409465822,0.006409310406841069,-0.10915326949844524,-0.008576986557495107,0.028370234062747232,-0.02250440615546377,-0.12758756003429256,0.0,0.0,0.005677571744648814,-0.018350695600056775,-0.3030468685700673,-0.07173080792602701,-0.04305361224509226,-0.09091513874421442,-0.210108400981593,-0.047029340762699864,-0.06365766710690096,-0.02468323557910257,-0.055724808337360765,-0.013085703571731987,-0.01482213406265468,-0.012500920568172029,-0.0106799040062076,-0.0413877773198563,-0.052518401025005206,-0.027614116218583798,-0.025597822375970258,-0.24261160440534998,-0.007313673032691232,-0.024495311930414904,0.0,0.0,-0.02717402492352741,-0.24091519718167465,-0.08830877799634267,-0.04135386625374333,-0.006084224883758237,0.0,-0.010431254249953606,-0.026205005831565577,-0.04914488575743632,0.024111701208292168,-0.06236946405903156,-0.02761019304378048,0.049180965895412515,-0.009600499823695067,0.02582157879282828,-0.00524154120547245,-0.013731289685761115,-0.21796640508850873,0.016068045497608124,0.032664654730257536,-0.031670006480209276,-0.03282458474177414,0.027461798633817498,-0.023075672013665005,0.019065555439053482,-0.018445089444313174,0.006336684225691033,-0.0168631882330143,-0.03379616313262428,0.008769173789787251,0.027149939499756786,0.02615365775391703,0.07750073894940882,0.053143936102295265,-0.03095101130946145,0.0037641940442735954,-0.012781405600846969,-0.006298133883754109,0.028202929634344648,-0.04257191368218785,0.0,-0.008492268627132109,0.0,-0.0500935245150579,-0.20011092473476252,-0.27589009312839685,-0.009524491179968364,-0.0029910556083272825,-0.0090556695783258,-0.0015387184876539698,-0.09281980398618499,-0.0020347368311102055,-0.008097232740168561,-0.019664395468025828,0.009691694650987579,-0.011422940178320757,-0.023209004827203356,0.003553478024725217,-0.07727518502786122,0.001392526103963585,0.025127658163783557,-0.014581283948654013,-0.003421531304406542,0.008915808308940985,-0.05374548151941471,0.0,-0.018373253470251472,0.042161842101692805,-0.006765088321317669,0.0024553823139100367,0.0,-0.037725976052533125,0.0017242357461314522,-0.05085282179482048,0.0,0.028019736481882322,0.027793054556856097,-0.03519423353009256,0.022038074688726136,-0.00020512570209698993,0.007647333999920587,0.01829383501712699,-0.008236627741300476,-0.00980824342524126,0.015807817385932347,0.028930780942007545,0.020562624917321953,0.02172104467537188,0.0008028906985004854,-0.002871941699748533,0.006199305057705147,0.019438008890979748,0.03781594180835193,0.008097227508872346,0.018512065232008827,-0.020031970841643307,0.0,-0.028249494973733767,-0.005263897476650109,-0.008581274100199713,0.001586691730247238,0.0,0.0036983585850644614,-0.0313213511088397,-0.04419540067067651,0.0,-0.04261414872444042,0.00568046471105416,-0.03862955387636142,-0.013949431005870507,-0.026715651023023097,-0.012867233800122354,-0.021919720623491762,-0.019827838690367066,0.002126851405790081,-0.034204574201644,-0.014307879432742315,-0.007400646545100916,-0.013801497145760564,0.0043231618020018745,-0.020366970391318365,-0.02570114442289948,-0.022583911358587807,-0.013209597463468843,-0.021669458692882112,0.007533446109442977
I,-0.11727311362911388,0.03254828666182689,-0.012185102465779394,0.032568007086421234,-0.05399787677682529,-0.04934233050892555,-0.024735966845603093,0.06130318888621843,0.0,-0.010216115086448862,-0.009131617803680039,0.013183586975380216,-0.14426391531582672,-0.0021990954208350386,0.05074927978450119,-0.1543798305054072,-0.22064842550572977,0.0,-0.3337318463752855,-0.018650591409119458,-0.08216089651743164,-0.09250807060056088,-0.018266552855793,-0.038746592278034814,-0.11060281228902893,-0.08553076407545515,-0.04527689703104086,-0.06318523511334309,-0.037743897963360494,-0.0920083319038986,-0.26509688763061345,-0.05245126517006269,0.004482629476697326,-0.04032626173699743,-0.051832580114376386,-0.059093286957452106,-0.12337104085335074,-0.019210352864411515,-0.27338088178112896,-0.01287735196208449,-0.08302162662034981,-0.004811580708262531,-0.02525173945461226,-0.0045981957078664645,0.0054422480125925,-0.045385810755274494,0.010194789576607617,-0.09909061056869044,-0.03472381506305987,0.015271214579697124,-0.02298250433740648,-0.1535136775608652,-0.01998111141196344,-0.033619011608032115,0.010235185062820677,-0.018558146480941298,-0.30024979751289604,-0.07044293034035311,-0.08641027489404372,-0.2898367064723642,-0.2399115774239567,-0.05349733089235888,-0.0826975887538204,0.012437477862941925,-0.043136536815433515,0.0024108179314897126,0.0167635203107175,0.023312948295459636,-0.008633665928962656,-0.022493301390746717,-0.01693780219712374,-0.03366708251596944,-0.015820799996747462,-0.1317996651852452,0.0,-0.07572552943282454,0.011333032864272466,0.011122128306186014,0.0,-0.2582595524212137,-0.12424875092011327,-0.028304238026106654,-0.10434836612601714,0.03450615693274495,-0.01968248974439015,-0.047265802398898396,-0.031080562347689605,-0.06969813136642079,-0.02664435595796151,-0.014559880178095223,0.003419736913973969,0.047008206707978534,-0.005663059218841384,-0.14707288776058847,-0.025083255122813335,-0.25751861189113134,-0.002798553450300058,0.010932943252080538,-0.04480492899323624,-0.17540744506470562,0.023083483796683464,-0.013160600937701876,0.028158207232000326,0.041101396033085734,0.00227562623257648,0.0227942611037175,0.0,-0.09917086207536199,-0.06365277413126827,,0.04860096920411748,,,0.0,-0.03084038147760352,-0.0230839559040583,0.036275104285127195,0.01135099692713221,0.03158905965720844,0.017947811932796896,-0.050279318345600406,0.0,-0.20636198237456307,-0.30057573890350936,-0.07830628162261058,-0.014876586977072559,0.0007615612019690205,-0.0009371039151717339,-0.08320012167224776,-0.038950371094828226,0.0074793699356649705,0.014156423919165105,-0.019567886235327677,-0.008970238212100398,-0.03486018454819577,-0.014446019493599142,0.019392033271488144,0.10181473904097568,0.00919688634454733,0.0,0.0,0.007292399940043942,-0.16318346601344053,0.023852834803231547,0.0,0.032793092366724896,-0.04826674640620446,-0.007477346678591974,0.03746642249419688,0.017587344571052484,-0.013354373649985235,-0.04833390581530321,0.01001189532996545,0.006083516217998452,0.016311100129392526,-0.08492955748918987,0.0,0.034852175893013725,-0.004363367298262762,0.026698857036219742,-0.005670912379676825,-0.0009927787576365912,-0.0036589295948584316,0.0025762017717287236,0.0429357792078016,0.022577638651427742,-0.0045534545534803884,-0.007461596023404735,0.004612405393221082,0.019529733197642944,0.04189895754768665,-0.04028305417500753,0.015326570896962639,-0.0227973436596159,-0.016970063605855387,0.0009446626415506639,-0.017194142249563855,0.020370563165048098,0.017579138143618875,-0.04488554022656431,-0.07483034504224537,-0.018453765465162253,0.01949073925679895,-0.019681175151279654,-0.029925740197512513,0.00887224754674129,0.003769987162785397,,0.0,-0.041704428332017214,-0.010801948397143166,-0.006526922645668951,,-0.009410779972224632,0.0,-0.00040525815162487317,-0.05518927704235233,-0.012743822457985811,-0.001707925016108117,0.009391354770594612,-0.05087370201435697,0.0,0.026695440656427226,-0.017381238126648997
L,-0.011235368438821803,-0.00946249649623675,0.03239294310215823,0.04834850674790958,0.028358885174819534,0.0,0.011884957150200237,0.0,0.0017852055306364955,0.007807952922193422,-0.22254957702066133,0.0,-0.11149478846567633,0.0,0.032279664407304995,0.00978382189265317,-0.301743753481484,-0.027656497289849803,-0.28625420142770713,0.0,-0.04712772532478071,-0.09144843997351781,0.013291182874243138,0.0,-0.20741186252091398,-0.048421476216935704,-0.03840930122259176,0.0,-0.05646114780540076,-0.07684158064066358,-0.2792922992622772,-0.02831784010727651,0.02658387816481913,-0.054286198719798576,0.002095303635192564,-0.007376844474207708,0.0036227813512038753,0.00626999701965905,-0.24869414073573592,-0.047261572288640516,-0.06947426281428094,0.0,0.0,0.05735090186110514,-0.00934681326081638,-0.019200942112612866,0.04401785726901651,-0.10093725346858723,-0.021127492208177688,0.027820874674466988,-0.026324576939983035,-0.15060052132171514,-0.04485007722462965,-0.024609559323440673,0.0,-0.03986000050836454,-0.31392184073938434,-0.054482133493580165,-0.05226526306401588,-0.17514137231652546,-0.17121152627352043,-0.026128257125763867,-0.08061969577811978,0.0,-0.04264056441790347,-0.0448109183010906,-0.010561404196582176,0.007952292820143524,-0.03311926755074473,-0.0501852645863719,0.0,-0.02701755800519219,0.029453538767263525,-0.2553018408281628,-0.013332519250809598,-0.05798792363083051,-0.03140388534225875,-0.18038086534278838,0.026943854201258846,-0.2811420921739818,-0.06286589928088959,-0.012932700273212326,-0.036247067729535315,0.007163841636403743,0.0,-0.01785945673754362,0.0,-0.022253656139673058,-0.03526436190634302,-0.013165989930347895,-0.02515525255029152,0.03356032878386686,0.04303774240365221,-0.1120254912020813,-0.03664589854979242,-0.19378361819751866,0.0,0.00374183819655138,-0.009600809397493477,-0.08557264351398554,0.0,-0.003971689460314832,0.0,0.0,0.00021519477825858663,0.01757250223018489,0.00780661070953913,0.03764503543084416,0.040184097189228926,0.03918655575620278,0.027136621886521765,0.03477720127749025,-0.0332471712205604,0.036721296165919216,-0.003047121112967421,0.0,0.02942152807520838,-0.030346702525449874,0.012546812102042504,0.03706331237416123,-0.0309517283138219,-0.054453299380185935,-0.18264190692088725,-0.2841101456832558,-0.029871366783957413,-0.021236697785470528,0.0,0.019604896225139726,-0.06263279782202028,0.016006790417164934,-0.027087866352997224,-0.004344893897387093,0.0136990283330208,-0.014721212997066132,-0.03573874191626841,-0.004411722133360767,0.0,0.03348282448206428,-0.002285704036967239,-0.040158477271599186,-0.0032613880957684436,0.0024747121071112656,-0.21087140604627957,-0.05949591663061494,-0.012067126754087899,-0.003523356722290278,-0.008594906817629889,-0.008914442496497721,0.03334603569782376,-0.0002821690304478531,-0.03635139724180492,-0.03652233715213595,-0.01840701133754683,0.0032639996883983523,0.017269241849856017,-0.003407896964292355,0.015884384392381143,0.001659933837103223,-0.001368433514527612,0.004900705793585695,-0.014329074715539259,0.013385268348258775,0.01543066998504924,0.0069941960978412735,0.025808056431325714,0.0,-0.01314002624335877,0.0013147832629077172,0.00793736789086249,0.00524121301640727,0.02313268099947291,0.005083300629672266,0.00876309618402276,-0.014366048497463684,-0.02121060301939745,0.0,-0.02498802647644652,-0.00025047969280056264,0.019556147771384577,-0.009648505320132145,-0.0055842478564821765,-0.022056812154329832,-0.015034655699421468,-0.021162413010125544,-0.041919653964059445,0.019365267474573126,-0.013856723824858534,-0.01084845151014703,-0.017462686716954997,-0.02201364971752017,-0.0236601660058225,-0.00462593052655315,-0.02992937333645588,-0.014662151735528723,-0.03839549814620666,-0.011193290182542497,-0.03935031090806447,0.0017422524502955109,-0.027352786696555713,-0.02779436369812079,0.004792615582537877,-0.01246763009676237,-0.00045980167439470775,-0.018701036867305003
M,-0.18940218922833515,0.006005772949494334,-0.032252527455751356,0.03567162652465328,0.10011422130674719,0.043465785742162005,-0.007159582603881477,0.11561510011218541,0.00596948685713723,-0.008732652210481567,-0.19920888372445425,0.09510235445916355,-0.059567142330468566,0.019274533255433324,0.03016006884397396,0.001540718390245147,-0.09993319461276155,-0.007982295808559747,-0.2925904365763599,-0.028969294919358055,-0.03849874789973898,-0.050087678092035744,-0.012458088149915138,-0.015617135157883153,-0.18211278024423966,-0.07274447318356372,-0.02403674195368709,-0.0015286700638779368,-0.005864987845885115,-0.07837206268518868,-0.2703840667841556,0.0,0.0,-0.039553029112792695,-0.05473494235501655,0.00032880751106889594,-0.004276525999852017,0.02582833287894517,-0.26423030024488875,-0.019826146399992466,-0.043489022548383445,-0.0141549926799156,-0.022936006208918988,,-0.017419971340502664,-0.03834598770587542,0.030787937056251664,-0.11330306494871979,-0.008156002825567044,0.01966912321409333,0.0,-0.051487025694219174,-0.04692846830569115,-0.009230582752173436,0.029024953914156222,0.0,-0.22432669999773053,-0.08033514486348042,-0.03066310630294018,-0.14301512404481106,-0.11319076805805497,-0.007697388830118231,-0.05896914358903991,-0.01966258758344369,-0.046992275567852244,-0.024884542035875583,-0.018894561071118948,-0.019004036713492937,-0.02539653052378284,-0.04129022650858172,-0.03474433702664883,-0.016506043565268535,-0.012927534172427134,-0.2689693256248998,-0.05731780906297387,-0.05737200772059183,-0.0199431067268506,-0.14230164629986858,-0.04616580605220946,-0.1916337700308321,-0.07006793799779841,-0.0024585114564337597,-0.043688383154773365,0.04856202069686465,0.0055325528997710455,-0.029408734478147742,-0.035923790598073935,-0.01746021494600602,-0.02179342242022795,-0.009733080801384544,0.015776725004297106,0.03304668142563926,0.035448621977301566,-0.0341440175479404,-0.01694252175040034,-0.151627240863236,0.03259782959257331,0.03438717561268222,-0.012666856474455925,-0.026056368854416832,0.01653346782909516,0.03622374839739613,0.021615691688947662,-0.022956015434178214,0.02229856748412467,-0.004660131720706812,0.0021082766940869364,0.012056883535413648,0.01845850107768485,0.001136898719138889,-0.045931707774550606,0.022963378066839565,0.011664023770236884,0.015823704519690507,0.010243005706284634,-0.013090200267839452,0.0070867874328896675,-0.017238857508927667,-0.024019361647525463,-0.00225368453740722,-0.029856895306655563,-0.06172702918350387,-0.16042610049552145,-0.3072036103421568,0.0038146968885373637,-0.017647438130658062,-0.020210678490732062,-0.032853794796079486,-0.037789011767094004,0.01037449137660726,-0.04783999381326492,0.0,0.007297880946896898,0.0016635858731968356,0.013097393635305453,-0.0014146747505935989,-0.050346151296802935,0.01575910010341658,0.008862356921874044,0.022817694893742507,-0.018959756558068842,-0.028644011661260634,-0.20187017847304234,-0.016393589843578395,-0.02364726935379198,-0.0002443058802319327,-0.0066931077608258956,-0.008996925043163326,0.043363809280111534,0.01707969077895579,0.008740673649175332,-0.031616008431613496,-0.026624661128527138,0.039906456693689356,0.014754689736207601,-0.0191119316423159,0.026956317210933587,0.00472424617464289,0.03578664271273808,0.022866011842179353,-0.010974449122841606,-0.003899036903221723,-0.004348067248815268,0.006484429786892147,0.018429386168165064,0.020427599736035168,-0.013312350334781316,0.003978212304707419,-0.020598174956616984,0.008591669399473947,0.036375383218631235,-0.0206011266449896,0.005223478186619623,0.007796193758593351,-0.0236610641622048,-0.009700791900672719,-0.014645133234551026,0.017054782142363552,0.029170472959562762,-0.011629490759719873,-0.017855783964646765,0.007722863323301988,-0.013961651032809934,-0.011421968641427754,-0.0024902443571651286,0.00879744900783419,0.0032673169144688935,-0.005488615506533966,0.006470352096265453,-0.027327590331914255,-0.08430282369753231,0.010221561291656661,-0.027897594910931994,-0.020890404603603845,-0.023089100218899893,-0.009291211204192316,-0.024447677937360426,-0.0077916995827073295,-0.005078179749954662,0.0,0.004921170122022721,-0.00833864560642241,0.015086962634438006,-0.014931493931842553
F,-0.05737200518701957,-0.02280558251866054,0.022448907709811353,-0.007405628324805608,-0.02587368410705419,0.051914952299621696,-0.015964160143324267,-0.038902945234408175,-0.08334354465240731,-0.017188912068189986,-0.36832058220870834,-0.01685713682034869,-0.19647296859352925,-0.013925123987231893,-0.010060024018078057,-0.025274727976455413,-0.2562543421980428,-0.06479972363449124,-0.32407084869568714,-0.05966731383094095,-0.13183535246621814,-0.05311521615009871,-0.05898172578855958,-0.10694607984033709,-0.24432447673355712,-0.07351188900202926,-0.05856051145953898,-0.050372168324858205,-0.04189863216264854,-0.07878840843285577,-0.34676828264767734,-0.07816190198718866,-0.0844555763784358,0.0,0.0,-0.03927973076807895,-0.03854123492674646,0.001918624168562308,-0.2991066843286184,-0.05399654512136985,-0.10218111639832433,-0.04662943152637328,-0.021241296722748926,0.04741700757706125,-0.014995388030743018,-0.021632407918795737,0.029922572450596936,-0.09182083815529815,-0.010189355923711526,0.009454707731787151,-0.03758795501175832,-0.06678652181239463,-0.07034360677495327,-0.14787080373411993,0.01042832603838996,-0.054875765537915205,-0.20322943784717187,-0.07763175881727447,-0.07962673903085372,-0.3129149338953318,0.005973082259230934,0.0018276365755394933,-0.09057808351449295,0.009443679511633166,-0.03111242909806235,-0.039642841655422395,0.019579822414041756,-0.0017495789184392729,-0.02089540860433415,-0.12112803899429302,-0.0415627341902875,-0.0235224550419643,-0.006455919842059135,-0.29420820114981694,-0.00817891961750088,-0.270977705342491,0.005842400431840902,-0.17170165523445474,-0.08646429879560247,-0.2139859022321871,-0.06546008893055093,-0.0787122431312168,-0.07506786871595243,0.013626169738391203,0.014648794071458401,-0.019611802909674264,-0.06785422161847629,0.015435387917946826,-0.04349298615532526,-0.01787966628576354,0.011125806892010662,0.04238787676969244,0.015353756522020263,-0.05303713770932418,-0.014708862150154826,-0.12589811734159437,0.0024697981281395446,-0.04098243916470877,-0.07927570673302729,-0.042303134733153905,0.04117590352008008,-0.02935099140468097,0.011202607093179892,-0.019128499892108356,0.0533283976893208,,0.007129355360140054,0.053068767505755635,,-0.04411492760797054,,0.037943315458419835,,,-0.01751090741479908,-0.007157966204229423,0.027326837573336107,-0.028674370065622068,0.02037689699049575,0.0,0.018689138047142312,-0.14963393296653893,-0.15161052225506913,-0.27407966280567586,-0.029757133998458345,-0.014083090530848639,0.0007432498058339513,0.009963350953357271,-0.06034432883847983,0.043019003321523,0.00021333342211173664,-0.013552163541547663,0.0409780231463998,-0.035533722219699235,0.008426936885604582,-0.018817171438172384,0.024626725352622586,0.07290658477406987,0.03078488929726977,-0.01631799262363861,-0.010128560523669842,-0.020552407658865623,-0.2232776376502394,-0.03942148231991287,-0.006170859189872683,0.02135099514872832,-0.00819514168925635,-0.04145178448810622,0.025905829694102264,0.018599863165070618,0.0304802691597468,-0.08571530056715919,-0.06191744110266829,0.0,0.0,-0.005971064410365235,0.017350912355703747,0.038513247398006094,0.0,0.03576401875487761,-0.029335281099311536,0.011812656016980921,-0.02372866740974571,-0.00665303317739656,0.016945455213093236,0.014138518535496575,-0.017154096585546577,0.04150665410756379,0.01123128346433851,-0.014102236722732343,0.013201634293106928,-0.03558902837314205,-0.006031767791172042,0.0019400081155165894,-0.019303268862754887,-0.028155776226672778,-0.03490581915578068,0.01995378381155616,-0.0020772054180109136,-0.0024700413461232434,0.008047919617019358,-0.0362841527334873,0.007075614690492021,-0.012053807397617265,-0.023096801770212564,-0.021051138423134098,0.0467288171887534,,-0.003482923625192454,-0.006683061845865674,-0.05706770705037059,-0.03431072289096905,-0.07219945615293526,0.0,-0.049308739609018756,0.005317515753317706,-0.012300428553146838,0.0,-0.08012303893464374,-0.007027748951814294,-0.028319569667992813,-0.006010315497561546,-0.01030476607059796,-0.013917677091007155
Y,-0.0981438231937666,-0.06957921688296474,-0.003616552942214314,-0.025470385605157523,0.018943140082431503,-0.0018059970311049057,0.006529237249473557,0.000263562127356239,0.019877275841881432,0.06091752524793141,-0.34652396462714746,0.03541310924416922,-0.2897668908884989,-0.011381000815732366,-0.025385957033534565,-0.0025820386451569314,-0.26095913082163946,-0.008782588406964886,-0.22779716206523476,-0.04170864700728736,-0.032894064832000074,-0.04630389267468785,-0.05713586844580393,-0.047527242602413616,-0.13839652142356257,-0.07089978266910142,-0.0069843257925956675,0.0015446174383484269,-0.045215200778626646,-0.008733139468986625,-0.26166079852649127,-0.03459849281565622,-0.059163635306480306,-0.061882564486540864,-0.022195302459734566,-0.031969465846249843,-0.024697773625559208,-0.1126614080136038,-0.2648003154381587,-0.06854575253963158,-0.06125391629469544,-0.01863351257064577,-0.01110149756063488,0.019502409741350375,-0.008913550376238888,-0.04360061314286982,-0.01965246599749578,-0.14936170191408604,-0.05117669180673464,0.00906115308658167,-0.03285396411866643,-0.066458197778938,-0.17179887542705669,-0.3307186309593333,-0.07696094366712336,-0.015371000869583776,-0.1969170783532727,-0.062443570009287075,-0.06980179645555312,-0.2936958603799107,-0.06657569043781679,-0.01960714964585785,-0.047338334370523455,-0.10849767526395329,-0.04430999587988976,-0.027820207054639702,-0.019725995767981563,-0.01164717553674736,-0.0470251576620919,-0.019953350620436835,-0.07817889008013981,-0.02005015035511264,0.041353455961141136,-0.3092298611521461,-0.049491061005859496,-0.2897682932341713,-0.23280361943142203,-0.12453716723300828,-0.2675286054495041,-0.16276354260281245,-0.06644254094080723,-0.08929176614130552,-0.05522176712831697,-0.0071173028588247655,-0.0033934035263451837,-0.04548457005243614,-0.0520880925460234,0.0038729796871984287,-0.058378046178523914,-0.03702654396682474,0.03902325412929289,0.0,-0.024653764584962615,-0.032718480184504156,-0.008224352297719286,-0.10672003671884879,0.008354506762482491,0.012345650698848524,-0.05174950009006161,-0.08633373097935687,0.02495088436718848,0.02097487119489913,0.017838995816384887,-0.049104559682298335,0.02565685320987834,-0.009688179981372759,-0.04759283224595234,0.0,0.013379835003134843,0.03007456282647602,-0.08122811453165377,0.006551952248095523,,,,-0.0675486707267894,0.012548423146010625,-0.03563222853272194,-0.016799651077749406,-0.021757361804482695,-0.12682895533171631,-0.31265804898168786,-0.23768346533476692,-0.28876522776409436,-0.010220833268504951,0.019387848806902485,-0.08795752220612155,0.042181645459556875,-0.07364665043805887,0.005479098473090135,-0.07968456844045899,-0.006730169361485969,0.015631230224419465,-0.012037108501326473,-0.0208240902003574,-0.010550039832999576,-0.07748979395399387,-0.0015582815938782763,0.005176999204703224,-0.04966817557947706,-0.02854481000339255,0.0011301694441713866,-0.28054280686576816,-0.03918755581066406,-0.14356950145106387,0.018800102111600152,0.01308973086558089,0.007932420044564474,0.03442811982632511,-0.022722662127213633,0.01592192679993956,-0.08193452683973818,-0.10741299396431317,0.011157644927576519,-0.0023147330018573418,-0.016479061720194026,0.027666148602327092,0.02632142113983847,6.098339989900944e-05,0.037198811985502726,-0.0026108832102957665,0.0035154314420032355,-0.009946256492990245,0.028620856706874233,0.013764897427503359,0.022809206065243635,0.00548500130173005,0.010073519585007145,0.01993614704342896,0.034507152556332576,0.015998538950293247,-0.003965468193898225,-0.0191161452241988,0.0015791206863044437,-0.01943307455083073,-0.030399187808793637,-0.03434592801151056,-0.024351642163922695,0.020233738066223854,-0.016181727149210824,-0.032601869937299986,0.008836906205480086,0.0008742540990302186,-0.05193354930380158,-0.03675717176927666,-0.029463960149685678,0.06863677535134034,-0.0468160899381074,-0.025644463229291425,-0.018115944484150343,-0.05749486822694634,-0.10132749617602976,,-0.029659740625893882,-0.038362508110952626,0.0,-0.021351648449800975,0.008255854936807954,-0.0918446657272527,-0.03526994135127984,0.004845854882325852,-0.02743357843205709,-0.004384691202422192,-0.006296835207087534
W,-0.20514397427596853,0.0,0.05361326240269686,0.02302366075293574,-0.016196758377305488,0.036647803069661186,-0.0065822585899049805,-0.04565908635381469,-0.07424381934677417,-0.16749973326340833,-0.31254557421059126,0.09493698988601659,-0.2978585269555442,-0.0006197081258220955,0.022147984179065685,-0.004967196798118381,-0.2598064358889195,-0.0965023832503909,-0.30209870938226446,0.010467549773054695,-0.1887450564469284,-0.06612481621390404,-0.03842897515830879,-0.1985058660067375,-0.23040983993032418,0.0,-0.06609909740326253,-0.07644531369229837,-0.041992075874902876,-0.08818680352177435,-0.3013009670336724,-0.07031932099334598,-0.026378514546183944,-0.07553479267637858,-0.05024377264629086,-0.025948081832690727,-0.01629611900181723,-0.016079619021555934,-0.30774237724722664,-0.08026584131429665,-0.127357989975117,-0.022135828044780047,0.009589702462429777,0.015334401947787485,-0.027825542826504485,-0.04346069999830239,0.003597761378666811,-0.10838281662238244,-0.032988551994828294,0.004838825743468495,-0.027765737441019126,-0.15600796393254496,-0.10421527747192308,-0.30193116442498735,-0.04459157497805276,-0.17999470999605632,-0.3189240187382852,-0.11646491707747961,-0.10937390527822993,-0.3141166535450334,0.0,-0.07671649913089966,-0.08890887014063842,-0.1280978142384698,-0.03636441040163552,-0.009814944932522418,-0.005779987154173748,0.04833405650877204,-0.029139706784713535,-0.04205315840257694,-0.116748839640653,-0.03958827982423482,0.008780051563281946,-0.32028826145013484,-0.08963150669285552,-0.3118408197602621,-0.22644037471944412,-0.20696743194804149,-0.23561017061856146,-0.27044495350843806,-0.11522187858012255,-0.08933100653732252,-0.00906940777184621,0.03691134661473606,-0.039252282081642616,-0.03603003424852988,-0.0331740422736671,-0.015504562485273005,-0.06820055592581689,0.013884531367884772,-0.013957416118056877,0.03879385695386883,0.0535709086681757,-0.13486492450679266,-0.024809121507396205,-0.18705179458286658,-0.011154974098512746,-0.016369363355492293,-0.08377182968266789,-0.11895830077546388,-0.0064432649978749595,-0.005040868152153656,0.009528527136037055,-0.12070966207618802,-0.03191291684246424,0.04890058033655339,0.01278553825589938,0.026412550724541864,0.0286051650828157,0.021285053851526993,0.024651116437157727,0.022229737131197063,-0.014036833696593677,0.018920837745097823,-0.027930293250876884,-0.021758070052529783,-0.04290916955049884,-0.015264283507986847,-0.023052498862418933,-0.0016726510356940075,-0.2073432271965004,-0.3119617444150259,-0.23516080851082377,-0.287481734703722,0.011371422632493168,-0.03259845736724895,-0.018327198440499473,0.014750985707574635,-0.06161195346425077,0.017306143719303183,-0.046022825198460085,-0.040649883631221004,0.01124031839083689,0.005899653693934684,-0.04889179210870476,-0.016318541763802395,-0.06352107814285136,0.04460776110897982,-0.002342952786900724,-0.023178666391260365,-0.06921099988521673,-0.016276514218844008,-0.30510922977220434,-0.04978766626933294,-0.25200355707928007,-0.0005819328203506047,-0.009444323377535212,0.002639475114011437,0.08674812622307329,0.012576361993155923,-0.03440175096027308,-0.07969959273410444,-0.08320735443997454,-0.004330756195108906,0.012039435627590245,-0.029195118859039453,0.024390701568922535,-0.008842391493239857,-0.0026263212063767413,0.023865264758765152,-0.025035889320784637,0.0037508897212035867,0.02080265310416585,-0.042802605498581156,0.00355478644161102,0.00968961326862401,-0.014144896152364222,0.0,-0.015755448413190466,0.06723285274006284,-0.02069076594312271,-0.014590635667388517,0.0512956335992871,-0.022136841865055504,-0.08435608308993892,-0.08233909121692974,-0.07871700199493786,0.01708639190158128,0.0,-0.03632295651024837,-0.00633860686491056,-0.016907843903262252,-0.04513027184828894,-0.02702064883367626,-0.020985792707811403,-0.013790117489872914,-0.01556971153198183,0.0074655492032819635,-0.019969458367852713,-0.01807844539145781,-0.05478841385369211,-0.011526181894446744,-0.004497728690182454,-0.023136488435351328,-0.023883804760816543,-0.005189567652304187,-0.011382721323798561,-0.01600035850984758,-0.0946411307417376,-0.04916145009695275,0.0,0.041975611321876646,0.0004926947177477635,-0.025462265381476636
*,-0.23579304186476774,-0.13780928906016665,-0.2721527323737867,-0.24299347336747903,-0.2439864021050206,-0.16759451557601165,-0.21600781239244587,-0.2273199068668408,-0.31838834502752944,-0.27302259149752584,-0.27706237367736,-0.26835905576142544,-0.30276873756960515,-0.28360782099334403,-0.25021404248203816,-0.2737328050542052,-0.4126541175715585,-0.24061006525531392,-0.27679171825675974,-0.26711108038970477,-0.29209356558396105,-0.2488783026408214,-0.2448652223013554,-0.260312731507249,-0.237019757639038,-0.25504024321286684,-0.28041292880458624,-0.2924342198362746,-0.27943168813715075,-0.28090444880481474,-0.25831136124441595,-0.334452160832329,-0.26386086357202615,-0.32007469040734793,-0.2158406055033485,-0.27710723006308363,-0.22837963669672107,-0.3133793264605703,-0.279778357900679,-0.2900619349461702,-0.2957601722965402,-0.26778719459049927,-0.28059565267104525,,-0.27289478783278526,-0.2795648526623173,-0.15254220650204003,-0.35877037925237343,-0.29553328912354043,-0.2750898294156747,-0.21455802116993983,-0.29466760539677606,-0.26553904142440676,-0.2828342406979867,-0.28909372011297024,-0.31149287144444865,-0.3057972696213044,-0.27560808320370195,-0.269682578414384,-0.2636789568297689,-0.2457828207053838,-0.20981478516210667,-0.24678763273223442,-0.2890289304877269,-0.2703434103923539,-0.25270843045829233,-0.27736617307023675,-0.2900387321126793,-0.2096755335560247,-0.29972650509672727,-0.30803440307587787,-0.3073911275430266,-0.288600503412117,-0.2787548220692601,-0.2830179805763434,-0.28084741243555206,-0.3823358153098264,-0.18393271812912906,-0.35834085275497723,-0.3012462923349756,-0.18280164756973608,-0.2383375209830715,-0.2284868716626707,-0.22213503919078853,-0.29806343993233236,-0.23400882964752992,-0.2531712283958082,-0.22902235337128274,-0.29548440372597584,-0.28678889436450233,-0.21726164794296102,-0.26654852279431973,-0.2950640080204188,-0.30878441163850834,-0.3044082052146271,-0.27855912219081447,-0.28796405050572726,-0.26946789980887265,-0.30064229566307327,-0.2704226242873058,-0.2578541968406502,-0.3294860995442732,-0.2895921492005942,-0.25932800096303743,-0.23269921443720115,-0.23260557967914275,-0.2624130215564305,-0.2787631793140968,-0.30115478249355865,-0.2777911118661573,-0.2843100734448598,-0.28354139853314847,-0.2940705299543874,-0.18211066156242142,-0.265117875044105,-0.2895784206006766,-0.24727500717159862,-0.22918517990685144,-0.30432752497142346,-0.26361502778923346,-0.25967721321804715,-0.30962115997455686,-0.19747075162026778,-0.27913726637676217,-0.2715630835021505,-0.2081127463344431,-0.26621257815486166,-0.2878049620781809,-0.3030150478470255,-0.24857325872652203,-0.26968712419024976,-0.24957179966530937,-0.07978965447963511,-0.36058203664347144,-0.31119068138742423,-0.26904890273474924,-0.2719259816410253,-0.2773845836337657,-0.22926018933760367,-0.23917189657427054,-0.29885801818585095,-0.28822616621880315,-0.2909036501761197,-0.17421452328381515,-0.2707065197535028,-0.21824243532757387,-0.25350881548976134,-0.2402260297257549,-0.27456460778976316,-0.2603322807091474,-0.24259166613909267,-0.3245197791239831,-0.30388961659045877,-0.2558834274153836,-0.24296085096430248,-0.21068131279871452,-0.22396961448104427,-0.26352034740836405,-0.24107095560432254,-0.24401807884101862,-0.2850171881676387,-0.14441385581555316,-0.2410873875063515,-0.235361523159406,-0.2570836794564193,-0.21755736471399506,-0.2209465425286507,-0.24277991066132326,-0.23848262082903965,-0.19108316177427523,-0.06254070058421907,-0.12110178581738365,-0.21161652867454167,-0.26856935566065954,-0.26763007340894174,-0.2768566546702844,-0.22441945015536574,-0.18959174898174974,-0.2398103702260925,-0.20598896692737328,-0.22666143054605858,-0.22402396265313865,-0.24076379308669565,-0.20525314674125145,-0.23332264198719674,-0.23101317655171924,-0.21001792793395305,-0.24590841814359454,-0.22197636654041125,-0.22493821071320313,-0.21558159348031472,-0.22195986928053205,-0.2957202179227026,-0.2468111000508382,-0.22638105668855163,-0.19125422981979706,-0.06554354974543297,-0.11618290866656453,-0.04942001308505051,-0.27924094085068585,-0.24144950681964866,-0.2486238608412673,0.005397512824619385,-1.619309513952198e-05
